,n_biomarkers,n_exosomes,Fp,FDR,mask_radius,target_radius
0,507.0,440.0,0.6681818181818182,0.0052571825858810555,5.682353022313601,6.871096052302089
0,570.0,465.0,0.7870967741935484,0.005626716927439059,5.839662324204769,7.820551707140942
0,882.0,757.0,0.8916776750330251,0.010243159792888019,4.973019035079079,7.089223188285857
