,n_biomarkers,n_exosomes,Fp,FDR,mask_radius,target_radius
0,476.0,626.0,0.6501597444089456,0.009705546233214384,5.620817724579627,10.657413337247565
0,472.0,378.0,0.7248677248677249,0.005722080264375505,6.558940174681693,9.057404017201813
0,392.0,484.0,0.6570247933884298,0.012591055180580353,5.965888399188264,14.078226405133831
